蔡,cai
定,ding
军,jun
开,kai
宇,yu
玲,ling
玉,yu
柳,liu
茂,mao
超,chao
青,qing
春,chun
山,shan
林,lin
维,wei
文,wen
祥,xiang
欣,xin
孺,ru
杨,yang
瑶,yao
勇,yong
曹,cao
冬,dong
梅,mei
非,fei
洋,yang
佳,jia
剑,jian
娇,jiao
立,li
黎,li
敏,min
倩,qian
强,qiang
雪,xue
阳,yang
艺,yi
雯,wen
珍,zhen
凤,feng
子,zi
胭,yan
紫,zi
微,wei
柴,chai
发,fa
菊,ju
车,che
小,xiao
奕,yi
潇,xiao
陈,chen
安,an
柏,bai
旭,xu
贝,bei
碧,bi
斌,bin
冰,bing
兵,bing
波,bo
昌,chang
达,da
晨,chen
诚,cheng
艳,yan
聪,cong
大,da
蓉,rong
代,dai
言,yan
丹,dan
墨,mo
娥,e
兴,xing
方,fang
飞,fei
宏,hong
月,yue
刚,gang
钢,gang
光,guang
龙,long
果,guo
海,hai
全,quan
伟,wei
瑜,yu
浩,hao
红,hong
华,hua
宣,xuan
欢,huan
辉,hui
纪,ji
均,jun
继,ji
亚,ya
建,jian
姜,jiang
杰,jie
洁,jie
婧,jing
涵,han
静,jing
娟,juan
俊,jun
昊,hao
凯,kai
锴,kai
基,ji
柯,ke
君,jun
珂,ke
坤,kun
磊,lei
莉,li
礼,li
容,rong
力,li
豪,hao
良,liang
亮,liang
留,liu
秀,xiu
露,lu
璐,lu
鹭,lu
燕,yan
美,mei
琪,qi
珉,min
冲,chong
明,ming
奉,feng
星,xing
鸣,ming
娜,na
潘,pan
佩,pei
平,ping
琦,qi
麒,qi
地,de
潜,qian
巧,qiao
庆,qing
秋,qiu
然,ran
荣,rong
如,ru
梦,meng
锐,rui
世,shi
仕,shi
姝,shu
羽,yu
舒,shu
婷,ting
蜀,shu
川,chuan
树,shu
骏,jun
帅,shuai
顺,shun
航,hang
思,si
成,cheng
勤,qin
彤,tong
雨,yu
远,yuan
涛,tao
滔,tao
天,tian
东,dong
雷,lei
甜,tian
婉,wan
媛,yuan
韦,wei
西,xi
炜,wei
玮,wei
魏,wei
程,cheng
轩,xuan
曦,xi
伍,wu
英,ying
晓,xiao
芯,xin
新,xin
鑫,xin
信,xin
幸,xing
嘉,jia
勋,xun
雅,ya
娅,ya
彦,yan
遥,yao
怡,yi
义,yi
琳,lin
易,yi
毅,yi
银,yin
莹,ying
滢,ying
颖,ying
映,ying
鹏,peng
永,yong
健,jian
关,guan
崴,wei
煜,yu
薇,wei
园,yuan
玥,yue
悦,yue
张,zhang
振,zhen
镇,zhen
正,zheng
志,zhi
治,zhi
智,zhi
重,zhong
竹,zhu
卓,zhuo
梓,zi
璇,xuan
珊,shan
谌,chen
虹,hong
霄,xiao
康,kang
实,shi
彬,bin
德,de
婕,jie
金,jin
珑,long
诗,shi
晴,qing
依,yi
铭,ming
蕴,yun
贤,xian
池,chi
仇,qiu
香,xiang
崔,cui
菁,jing
国,guo
丽,li
钰,yu
戴,dai
瑾,jin
啸,xiao
单,dan
党,dang
希,xi
邓,deng
艾,ai
传,zhuan
纯,chun
权,quan
符,fu
富,fu
宁,ning
家,jia
江,jiang
佼,jiao
科,ke
可,ke
李,li
鳞,lin
峰,feng
妮,ni
沛,pei
萍,ping
茹,ru
兰,lan
瑞,rui
胜,sheng
薛,xue
源,yuan
显,xian
凡,fan
效,xiao
琼,qiong
徐,xu
焱,yan
丁,ding
奎,kui
友,you
辛,xin
云,yun
董,dong
多,duo
琴,qin
武,wu
菲,fei
洪,hong
惠,hui
昕,xin
锦,jin
旗,qi
利,li
蔓,man
闵,min
莎,sha
谋,mou
习,xi
霞,xia
逍,xiao
煦,xu
学,xue
堰,yan
叶,ye
芳,fang
一,yi
恒,heng
壤,rang
誉,yu
泽,ze
右,you
左,zuo
宗,zong
窦,dou
杜,du
承,cheng
观,guan
贵,gui
皓,hao
季,ji
久,jiu
鹃,juan
里,li
瑀,yu
馨,xin
庭,ting
洵,xun
寒,han
段,duan
斯,si
能,neng
暄,xuan
姿,zi
樊,fan
澜,lan
楠,nan
范,fan
泉,quan
滟,yan
佑,you
芸,yi
若,ruo
苏,su
垚,yao
哲,zhe
房,fang
花,hua
费,fei
冯,feng
娴,xian
翠,cui
福,fu
芮,rui
颢,hao
景,jing
瀚,han
雄,xiong
弘,hong
粒,li
清,qing
莲,lian
心,xin
菡,han
楷,jie
岐,qi
元,yuan
植,zhi
生,sheng
忠,zhong
舟,zhou
伏,fu
付,fu
广,guang
虎,hu
荟,hui
绎,yi
添,tian
威,wei
迪,di
裕,yu
傅,fu
干,gan
淼,miao
甘,gan
霖,lin
桃,tao
周,zhou
高,gao
敬,jing
靖,jing
翔,xiang
昆,kun
乐,yue
尚,shang
爽,shuang
巍,wei
镱,yi
境,jing
占,zhan
沚,zhi
葛,ge
起,qi
竞,jing
函,han
龚,gong
喜,xi
巩,gong
共,gong
甲,jia
勾,gou
拂,bi
理,li
缑,gou
苟,gou
城,cheng
慧,hui
绍,shao
晟,cheng
旻,min
侨,qiao
柱,zhu
中,zhong
辜,gu
谷,gu
宜,yi
顾,gu
桂,gui
郭,guo
泓,hong
玛,ma
苗,miao
七,qi
洳,ru
霜,shuang
坛,tan
橙,cheng
万,wan
先,xian
意,yi
轶,yi
泳,yong
越,yue
韩,han
京,jing
津,jin
运,yun
韵,yun
杭,hang
郝,hao
妍,yan
何,he
博,bo
乾,qian
二,er
俸,feng
浪,lang
鸿,hong
汇,hui
加,jia
岑,cen
洲,zhou
普,pu
奇,qi
麟,lin
箐,qing
仁,ren
蕊,rui
恬,tian
弯,wan
夏,xia
枭,xiao
频,pin
耀,yao
曼,man
禹,yu
浮,fu
贺,he
冉,ran
素,su
芝,zhi
衡,heng
格,ge
侯,hou
深,shen
姣,jiao
跃,yue
胡,hu
蝶,die
岚,lan
俐,li
伶,ling
茜,xi
森,sen
姗,shan
寿,shou
笑,xiao
译,yi
黄,huang
邦,bang
珩,heng
淲,biao
伯,bai
扬,yang
荷,he
歆,xin
腊,la
垒,lei
浦,pu
杉,shan
殊,shu
韬,tao
熙,xi
惟,wei
钦,qin
稀,xi
炫,xuan
凌,ling
锋,feng
帆,fan
益,yi
逸,yi
童,tong
郁,yu
仲,zhong
霍,huo
吉,ji
朕,zhen
托,tuo
贾,gu
爱,ai
才,cai
长,chang
蒿,hao
旋,xuan
木,mu
品,pin
乔,qiao
少,shao
唐,tang
简,jian
尔,er
蹇,jian
朝,zhao
任,ren
睿,rui
栋,dong
怀,huai
启,qi
焮,xin
淇,qi
祯,zhen
蒋,jiang
道,dao
汎,
孟,meng
栎,li
村,cun
岳,yue
赵,zhao
焦,jiao
弋,yi
解,jie
钟,zhong
汉,han
优,you
琰,yan
尧,yao
灏,hao
玖,jiu
泰,tai
鞠,ju
瞿,ju
阚,kan
松,song
荧,ying
育,yu
孔,kong
叩,kou
谦,qian
寇,kou
鲜,xian
况,kuang
赖,lai
九,jiu
绪,xu
赐,ci
婪,lan
亦,yi
郎,lang
蕾,lei
萤,ying
双,shuang
霆,ting
震,zhen
冷,leng
年,nian
拯,zheng
蓓,bei
翰,han
彩,cai
常,chang
述,shu
群,qun
锭,ding
懿,yi
甫,fu
鸽,ge
官,guan
政,zheng
溶,rong
宸,chen
仪,yi
厚,hou
苇,wei
进,jin
竟,jing
玫,mei
克,ke
烛,zhu
钊,zhao
梁,liang
路,lu
亭,ting
纳,na
攀,pan
盼,pan
培,pei
朋,peng
飘,piao
其,qi
汶,wen
啟,qi
隆,long
秦,qin
坪,ping
水,shui
灿,can
琬,wan
王,wang
卫,wei
盛,cheng
壕,hao
席,xi
想,xiang
萧,xiao
会,hui
选,xuan
章,zhang
苓,ling
男,nan
晏,yan
驰,chi
羊,yang
烨,ye
灵,ling
迎,ying
佣,yong
余,yu
炀,yang
冠,guan
鼎,ding
赟,yun
湛,zhan
昱,yu
蓝,lan
竺,zhu
自,zi
连,lian
鹤,he
悟,wu
训,xun
聊,liao
沅,yuan
廖,liao
晶,jing
筘,kou
屹,yi
屏,ping
湘,xiang
刘,liu
傲,ao
峻,jun
崇,chong
渝,yu
从,cong
笛,di
圆,yuan
材,cai
根,gen
济,ji
珺,jun
茅,mao
苹,ping
千,qian
祝,zhu
润,run
石,shi
语,yu
覃,tan
田,tian
廷,ting
宛,wan
肖,xiao
环,huan
烁,shuo
炎,yan
枚,mei
应,ying
耘,yun
捷,jie
向,xiang
鹰,ying
晋,jin
臣,chen
谰,lan
娄,lou
卢,lu
前,qian
亨,heng
鲁,lu
陆,lu
逯,lu
吕,lu
蔚,wei
渊,yuan
滦,luan
罗,luo
酬,chou
戈,ge
黑,hei
娃,wa
斓,lan
芊,qian
榆,yu
沙,sha
晰,xi
蒙,meng
通,tong
业,ye
骆,luo
曾,ceng
马,ma
庚,geng
菱,ling
壮,zhuang
羲,xi
熏,xun
辰,chen
檬,meng
满,man
毛,mao
梵,fan
骞,qian
好,hao
米,mi
宓,mi
书,shu
莫,mo
牟,mu
赛,sai
盈,ying
母,mu
楚,chu
呈,cheng
堃,kun
铨,quan
至,zhi
丞,cheng
倪,ni
聂,nie
茱,zhu
甯,ning
牛,niu
茗,ming
欧,ou
旺,wang
绣,xiu
庞,pang
裴,pei
彭,peng
沥,li
寅,yin
涌,yong
昭,zhao
皮,pi
蒲,pu
登,deng
沐,mu
桐,tong
戚,qi
漆,qi
沁,qin
齐,qi
钱,qian
巾,jin
联,lian
三,san
卿,qing
速,su
邱,qiu
宝,bao
澄,cheng
屈,qu
阙,que
禄,lu
饶,rao
钧,jun
宾,bin
施,shi
熹,xi
禧,xi
孝,xiao
俞,yu
桑,sang
邵,shao
佘,she
彪,biao
申,shen
奥,ao
沈,chen
师,shi
功,gong
唯,wei
史,shi
宋,song
恩,en
踊,yong
嬉,xi
宿,su
孙,sun
霁,ji
汝,ru
仙,xian
用,yong
朗,lang
谭,tan
凰,huang
入,ru
农,nong
汤,shang
芬,fen
陶,tao
猛,meng
丕,pi
升,sheng
术,shu
夷,yi
腾,teng
野,ye
乙,yi
同,tong
涂,tu
庹,tuo
汪,wang
岗,gang
夫,fu
保,bao
钫,fang
公,gong
珙,gong
召,zhao
有,you
拱,gong
焕,huan
见,xian
净,jing
靓,jing
棚,peng
淳,chun
伦,lun
郦,li
炮,bao
娣,di
樵,qiao
圣,sheng
影,ying
太,tai
潼,tong
骁,xiao
溪,xi
儿,er
芹,qin
熊,xiong
延,yan
迷,mi
旬,xun
于,yu
兆,zhao
照,zhao
未,wei
民,min
俁,yu
真,zhen
温,wen
琛,chen
晗,han
邬,wu
吴,wu
愁,chou
五,wu
荇,xing
迦,jia
岭,ling
项,xiang
魁,kui
劲,jin
竣,jun
再,zai
谢,xie
祠,ci
商,shang
邢,xing
状,zhuang
胥,xu
枫,feng
暮,mu
许,xu
覆,fu
嵩,song
晚,wan
闫,yan
严,yan
琨,kun
消,xiao
典,dian
颜,yan
顏,yan
萌,meng
倬,zhuo
峥,zheng
帮,bang
蝉,chan
畅,chang
来,lai
泙,ping
端,duan
樱,ying
臻,zhen
谨,jin
浚,jun
镭,lei
棋,qi
燚,yi
缦,man
瑛,ying
笙,sheng
丸,wan
祎,yi
霏,fei
袁,yuan
嵘,rong
桦,hua
仰,yang
姚,yao
尘,chen
贞,zhen
殷,yin
尹,yin
县,xian
雍,yong
玺,xi
尤,you
游,you
合,he
堽,gang
喻,yu
淞,song
尊,zun
冕,mian
陨,yun
昝,zan
草,cao
谣,yao
锞,ke
之,zhi
甑,zeng
翟,di
詹,zhan
梨,li
操,cao
瓜,gua
放,fang
淋,lin
濠,hao
键,jian
经,jing
羿,yi
珏,jue
愿,yuan
溥,pu
校,jiao
珣,xun
漾,yang
苡,yi
伊,yi
銮,luan
妃,fei
御,yu
毓,yu
员,yuan
芷,zhi
际,ji
皎,jiao
丰,feng
萱,xuan
宴,yan
铃,ling
谊,yi
粼,lin
郑,zheng
声,sheng
淑,shu
本,ben
后,hou
邰,tai
致,zhi
州,zhou
朱,zhu
焘,dao
法,fa
璋,zhang
蛟,jiao
泪,lei
邹,zou
相,xiang
屿,yu
楮,chu
奚,xi
酆,feng
鲍,bao
廉,lian
滕,teng
毕,bi
时,shi
卞,bian
卜,bu
和,he
穆,mu
祁,qi
狄,di
臧,zang
计,ji
谈,tan
阮,ruan
闽,min
麻,ma
危,wei
刁,diao
锺,zhong
丘,qiu
虞,yu
支,zhi
管,guan
裘,qiu
缪,mu
贲,bi
包,bao
诸,zhu
钮,niu
嵇,ji
滑,hua
翁,weng
荀,xun
於,wu
甄,zhen
麹,qu
封,feng
储,chu
靳,jin
汲,ji
邴,bing
糜,mei
井,jing
巫,wu
乌,wu
巴,ba
弓,gong
牧,mu
隗,wei
蓬,peng
郗,chi
班,ban
宫,gong
栾,luan
暴,bao
斜,xie
厉,li
戎,rong
祖,zu
束,shu
司,si
韶,shao
郜,gao
蓟,ji
薄,bo
印,yin
白,bai
鄂,e
索,suo
咸,xian
籍,ji
蔺,lin
屠,tu
阴,yin
苍,cang
闻,wen
莘,xin
贡,gong
劳,lao
逄,pang
姬,ji
扶,fu
堵,du
宰,zai
郤,xi
璩,qu
濮,pu
边,bian
扈,hu
冀,ji
郏,jia
别,bie
庄,zhuang
阎,yan
充,chong
慕,mu
宦,huan
鱼,yu
古,gu
慎,shen
庾,yu
终,zhong
暨,ji
居,ju
步,bu
都,dou
耿,geng
匡,kuang
殳,shu
沃,wo
夔,kui
厍,she
晁,chao
敖,ao
融,rong
訾,zi
那,na
空,kong
毋,wu
乜,mie
养,yang
须,xu
巢,chao
蒯,kuai
查,cha
荆,jing
逑,qiu
盖,gai
桓,huan
俟,qi
上,shang
人,ren
赫,he
皇,huang
尉,wei
迟,chi
澹,dan
台,tai
冶,ye
叔,shu
辕,yuan
令,ling
狐,hu
离,li
闾,lu
徒,tu
丌,qi
仉,zhang
督,du
颛,zhuan
雕,diao
驷,si
拓,ta
拔,ba
夹,jia
父,fu
鄢,yan
百,bai
南,nan
门,men
呼,hu
归,gui
舌,she
亢,kang
佴,er
赏,shang
哈,ha
谯,qiao
笪,da
佟,tong
象,xiang
侠,xia
日,ri
帝,di
胤,yin
谛,di
初,chu
爵,jue
喆,zhe
翱,ao
桀,jie
槐,huai
乘,cheng
稷,ji
锟,kun
杞,qi
祜,hu
晖,hui
休,xiu
濡,ru
辞,ci
芃,peng
允,yun
炳,bing
柔,rou
潍,wei
漫,man
采,cai
芙,fu
珠,zhu
璟,jing
弦,xian
帛,bo
橘,ju
栀,zhi
